Title,Price,Is In Stock
,,In Stock
,,In Stock
,,In Stock
,,In Stock
,,In Stock
,,In Stock
,,In Stock
,,In Stock
,,In Stock
,,In Stock
,,In Stock
,,In Stock
,,Out Stock
,,In Stock
,,In Stock
,,Out Stock
,,In Stock
,,Out Stock
,,Out Stock
,,Out Stock
,,Out Stock
,,Out Stock
,,In Stock
,,In Stock
,,Out Stock
,,Out Stock
,,In Stock
,,Out Stock
,,In Stock
,,Out Stock
,,In Stock
,,In Stock
,,In Stock
,,In Stock
,,In Stock
,,Out Stock
"Athletic Works 3 in 1 - 20""x24""x30"" Foam Plyometric Box for Jumping Exercise",$119.00,In Stock
SUGIFT 360Â° Multi-Use Desk Rotating Sofa Side Table with Storage Shelves and Wheels-Walnut,Now $157.50,In Stock
"SUGIFT 3000 PSI 2.0 GPM Electric Pressure Washer for Car Cleaning Machine with 5 Quick Spray Nozzle, Blue",$154.99,In Stock
HART 40-Volt Cordless 12-inch String Trimmer and Blower Combo,$178.00,In Stock
HART Pro Bagless Upright Vacuum with HEPA Media Filter,Now $99.00,In Stock
HART 10-inch 14-Amp Compound Miter Saw,$168.00,In Stock
HART 20-Volt Cordless LED Work Light Kit (1) 20-Volt 1.5 Lithium-Ion Battery,$89.00,In Stock
"HART 20-Volt Cordless 8-Inch Pole Saw Kit, (1) 2.0 Ah Lithium Ion Battery",$158.00,In Stock
Hart 20-Volt 4 Gallon Chemical Sprayer (1) 20-Volt 2Ah Lithium-Ion Battery,$158.00,In Stock
"HART 200 Quart Latching Rolling Plastic Storage Bin Container, Clear, Set of 2",$99.96,In Stock
HART 20-Volt Cordless Stick Vacuum with Brushless Motor Technology (Battery Not Included),$149.00,In Stock
